{"0.001": 0.8567432162839186, "0.01": 0.8567332163339183, "0.1": 0.856720716396418, "1": 0.8567082164589177, "10": 0.8567057164714177, "100": 0.8567107164464177}