{"0.001": 0.81406, "0.01": 0.8141, "0.1": 0.8141, "1": 0.81406, "10": 0.81402, "100": 0.81398}