{"0.001": 0.81352, "0.01": 0.8134, "0.1": 0.8135, "1": 0.81346, "10": 0.8135, "100": 0.81352}